source_pair_id,char_id,target_char,candidate_instance_id,reference_instance_id,human_mean,parsed_asds_score,direct_ink_asds_score,direct_minus_parsed,direct_polar_js_similarity,direct_grid_js_similarity,direct_projection_js_similarity,direct_selected_scale,direct_selected_rotation_degrees,direct_selected_translation_x,direct_selected_translation_y,direct_alignment_ink_iou
NAT-00-127c66ff52b5,0,禾,0/0,0/6,2.3333333333333335,68.39772953013853,67.94647672999213,-0.45125280014640623,0.6590838330876991,0.7706061202554091,0.6834344406681376,1.0,-1.0,-21.0,37.0,0.3392957328140985
NAT-00-9a879fcfc3c4,0,禾,0/17,0/9,2.6666666666666665,80.1784071630284,80.16339698454836,-0.015010178480039826,0.7807480740979698,0.896679761188562,0.804055691990804,1.15,-3.0,7.0,8.0,0.5353691656666456
NAT-00-e6be8478d42a,0,禾,0/4,0/1,3.0,72.85156598299628,72.94369716576063,0.09213118276434784,0.7101861333371169,0.8190425047398134,0.7296686840710165,1.05,1.0,-3.0,24.0,0.23670212765957446
NAT-00-ffc80a44f9a9,0,禾,0/12,0/15,2.3333333333333335,68.31759486881442,66.50970188866555,-1.8078929801488783,0.6154142172186436,0.8824183190554823,0.6796287931685498,1.2,-2.0,-5.0,-42.0,0.1516342375155756
NAT-01-26d2efd20415,1,汗,1/15,1/17,2.0,58.402434555542136,57.22944856123215,-1.1729859943099896,0.5219159403753971,0.7699674132159684,0.6097214357809883,0.8,0.0,-43.0,3.0,0.26232146449406557
NAT-01-452d73e05069,1,汗,1/11,1/4,2.0,49.90843588752546,49.40834553268087,-0.5000903548445876,0.43426514997164667,0.756674546770395,0.5106444555406454,0.8500000000000001,3.0,6.0,-10.0,0.08508080030781069
NAT-01-67b99d67d208,1,汗,1/13,1/8,2.6666666666666665,73.92081114908326,73.91255268126957,-0.008258467813689663,0.7379034438711335,0.8097721732427148,0.6741819341099673,1.05,0.0,28.0,-12.0,0.30558889079375967
NAT-01-6916facc130e,1,汗,1/3,1/8,3.0,74.00928662988812,72.93716637050309,-1.0721202593850307,0.7155932685800888,0.8327793588897473,0.6902631457700452,0.95,2.0,-10.0,-23.0,0.3396807440925088
NAT-02-273d0804989b,2,心,2/4,2/18,2.6666666666666665,75.54055962304054,75.70220759401258,0.16164797097204087,0.7537024439602822,0.8719179494352584,0.65761781835093,0.95,0.0,-5.0,6.0,0.45233821445441663
NAT-02-82365b94cf5a,2,心,2/3,2/10,4.0,65.94741740584782,66.36089720926567,0.4134798034178573,0.6027202251168919,0.9383236200904987,0.6730418099817168,1.1,3.0,26.0,-20.0,0.3238272178355783
NAT-02-906a9e26cea7,2,心,2/13,2/10,2.0,64.96195564586532,64.82551166047426,-0.13644398539105396,0.5953070108810714,0.8846481993421436,0.6589531939111403,1.2,3.0,48.0,-38.0,0.25679187337585635
NAT-02-b16780aba3d8,2,心,2/5,2/7,2.3333333333333335,42.438315801543816,42.222597915805885,-0.21571788573793071,0.3453702670646718,0.6573504790163393,0.5457614690689183,0.8,-3.0,-18.0,-36.0,0.05535114381698928
NAT-03-3e6dd07c7715,3,火,3/18,3/6,2.6666666666666665,70.14175942425777,69.90653425178913,-0.23522517246864538,0.6684769157615713,0.8297903329792408,0.7110863435860346,0.9,-3.0,0.0,10.0,0.33504298201256955
NAT-03-4e9888b19d99,3,火,3/0,3/13,2.0,67.50842831773558,67.27682228426043,-0.23160603347514552,0.6471181364622564,0.7025862987379224,0.7626505500555769,1.2,3.0,-3.0,26.0,0.46678866412780057
NAT-03-5c6782c35cff,3,火,3/11,3/19,2.3333333333333335,55.78822804236275,57.088967827873084,1.3007397855103306,0.5392380509091468,0.6692820848101719,0.6202048661386822,0.8,-3.0,-6.0,1.0,0.17511792452830188
NAT-03-88033e1d6fa8,3,火,3/5,3/19,2.3333333333333335,37.772177348960746,37.23694617892056,-0.5352311700401842,0.2591027193749521,0.6739926472816086,0.5993244075633193,0.8,-3.0,-11.0,-39.0,0.06279552053090004
NAT-04-576f221c1035,4,粒,4/5,4/16,1.6666666666666667,74.01077051378665,73.19868620008172,-0.8120843137049292,0.7019449427306496,0.8960370888963214,0.7081322583660958,0.8,-3.0,-18.0,-15.0,0.2056364074937686
NAT-04-5e0175bbb439,4,粒,4/0,4/10,2.0,73.48634926196205,72.28411356281256,-1.2022356991494831,0.6891579609829371,0.8756262701529438,0.7272441494475201,1.2,-3.0,42.0,38.0,0.20290547644079135
NAT-04-bc87965b85c0,4,粒,4/11,4/16,3.0,77.12550510076433,77.38411508144537,0.2586099806810438,0.7516670471396965,0.8359022989795248,0.8152591531315831,0.8,3.0,15.0,8.0,0.3843033867369702
NAT-04-ea628a002d0a,4,粒,4/13,4/4,3.3333333333333335,81.09058670906622,80.64769696439758,-0.4428897446686335,0.7954123507519778,0.8529188700249126,0.8116699574256969,0.95,-3.0,4.0,-13.0,0.47298674821610603
NAT-05-1c2cb870b931,5,梓,5/19,5/11,3.3333333333333335,73.90829760344857,73.70849361952239,-0.1998039839261878,0.7117137326569011,0.8501982086642874,0.7423706135716672,1.15,3.0,11.0,-22.0,0.2702867957490173
NAT-05-611c92a5de56,5,梓,5/9,5/6,3.3333333333333335,75.99612846051194,75.14966085867104,-0.8464676018408994,0.7283798172773428,0.8306536177785838,0.7802179588385529,1.1,1.0,0.0,-24.0,0.4120203450939995
NAT-05-839ec5aef5e7,5,梓,5/20,5/11,3.0,70.22410470202618,69.06366866262893,-1.1604360393972541,0.6860128540895849,0.7456559507488756,0.6571953076749907,0.95,1.0,4.0,-19.0,0.18422082156053032
NAT-05-fdd095514c34,5,梓,5/16,5/18,2.6666666666666665,68.29883303438623,67.69303626332828,-0.6057967710579533,0.6496418307450768,0.7709207114548383,0.7102864959566888,1.1,1.0,-11.0,17.0,0.2980288474123714
NAT-06-5542067159fa,6,苦,6/5,6/3,2.6666666666666665,71.0177305239045,71.96116573385044,0.9434352099459318,0.6929321692829253,0.8719837770970905,0.6917438151726212,0.9,2.0,9.0,-1.0,0.26549491211840887
NAT-06-869df37419fb,6,苦,6/15,6/2,2.0,68.70685973972525,68.91020289658894,0.20334315686369564,0.6766556217163916,0.8378820031554817,0.5984052886072879,0.8,-3.0,-33.0,-28.0,0.18612239871936953
NAT-06-8fd129b806d4,6,苦,6/18,6/4,2.6666666666666665,79.88375000136065,79.98947356215777,0.10572356079711653,0.7926052533186189,0.8472522949575124,0.786554760366118,0.95,-2.0,10.0,-26.0,0.4794393703438697
NAT-06-dcc26e56bacb,6,苦,6/20,6/3,3.6666666666666665,71.35279339762414,71.42620216902017,0.07340877139603208,0.6798495775739493,0.8575045859711711,0.7316108632850772,1.15,3.0,9.0,44.0,0.3150350716681915
NAT-07-00e8637af662,7,头,7/9,7/20,2.0,71.3069971591528,69.64244007007001,-1.6645570890827912,0.6311116899515845,0.9014733469680073,0.7961681045959326,1.05,0.0,19.0,2.0,0.2681682784510548
NAT-07-4f873d7866ed,7,头,7/3,7/7,2.0,75.41425313618024,75.47198835517054,0.05773521899030243,0.7306565238204648,0.8463037605346648,0.7754316853145352,0.8,3.0,-17.0,-26.0,0.3755200350339391
NAT-07-a14a6200122a,7,头,7/2,7/10,2.3333333333333335,50.88880702660212,49.83002886543236,-1.0587781611697622,0.41292803350392615,0.6488248470949693,0.7461795875821999,1.05,-3.0,3.0,23.0,0.08487639815772159
NAT-07-ca2924be9fdf,7,头,7/11,7/1,3.6666666666666665,79.24672263405861,78.64900338298948,-0.5977192510691367,0.7649419695168728,0.8485571994786564,0.8249805016419025,0.8,-3.0,4.0,13.0,0.547568710359408
NAT-08-27b4dedfed02,8,手,8/17,8/5,1.0,57.10994167391227,56.50479872635721,-0.6051429475550592,0.5259157932070391,0.723327943861743,0.5893849362625553,1.05,-3.0,31.0,13.0,0.1341983950828069
NAT-08-8bf827a17b3c,8,手,8/3,8/10,1.3333333333333333,68.10254662090574,68.65719987589162,0.5546532549858796,0.6525160700283257,0.813947978349675,0.7181236865775809,0.8500000000000001,3.0,7.0,-27.0,0.37238734419942476
NAT-08-c3f3d7db3e5b,8,手,8/16,8/7,3.6666666666666665,85.3397717858993,84.20836655800899,-1.131405227890312,0.8292182157209153,0.9410974293774946,0.8031086677921662,0.95,-1.0,13.0,7.0,0.6043983299574222
NAT-09-5213aaa503a1,9,划,9/17,9/1,3.6666666666666665,72.44265490111692,71.7067329016584,-0.735921999458526,0.6756843363163827,0.9134594729266204,0.7137958177074875,1.2,2.0,-18.0,11.0,0.29811077715757833
NAT-09-bfb59b916e4b,9,划,9/13,9/16,2.3333333333333335,76.03073309188456,75.91637122824709,-0.1143618636374697,0.7343009061897997,0.8621110809598951,0.7722427720375126,0.95,-1.0,-5.0,19.0,0.49600330354245936
NAT-09-c857b8fc9259,9,划,9/9,9/5,2.0,56.15134510199666,55.59491004243484,-0.5564350595618208,0.5036272173566534,0.7387421558080046,0.6173248326899359,1.05,3.0,45.0,73.0,0.14341073536980412
NAT-10-2cfa85f8e4b3,10,水,10/11,10/6,2.0,63.5722818450345,61.887683771659454,-1.6845980733750494,0.5982836365061625,0.6653207294530068,0.6685345516288655,1.0,3.0,-19.0,-19.0,0.2221164662109544
NAT-10-39def0d8258d,10,水,10/20,10/19,4.666666666666667,94.16006968922397,94.06276095825223,-0.09730873097174708,0.9339169179836646,0.9886707296962778,0.9239010502634367,0.95,0.0,0.0,-2.0,0.631499756604859
NAT-10-5dd0b76319e1,10,水,10/17,10/15,3.6666666666666665,72.94729034483065,71.99675512282198,-0.9505352220086678,0.7293586796041218,0.7436014022178088,0.6525084344844216,1.2,-3.0,-1.0,34.0,0.22933876778630954
NAT-10-f47666ced70d,10,水,10/9,10/6,2.3333333333333335,69.99654230563947,69.03500940426098,-0.9615329013784901,0.6552864436736686,0.8249560487783392,0.7193745076952722,1.15,3.0,-24.0,-17.0,0.3187066974595843
NAT-11-0e9d9f17b44e,11,李,11/19,11/15,2.6666666666666665,67.85647420202675,67.83822609731716,-0.018248104709584823,0.6434686824604674,0.8109919794568888,0.7087025755487406,1.15,3.0,0.0,-11.0,0.31124026214912826
NAT-11-1ce10b1e545d,11,李,11/0,11/11,2.0,69.62358313775272,69.5651869064592,-0.058396231293514234,0.6698091550451739,0.7713404775334611,0.7405625926863405,1.2,1.0,-6.0,32.0,0.467941400304414
NAT-11-577542cbf55c,11,李,11/13,11/2,4.0,72.05272986721128,72.25727305218133,0.2045431849700492,0.6769714106900209,0.8571878941610829,0.800763726097576,0.95,-1.0,-6.0,6.0,0.3126190865044368
NAT-11-b40cf3185803,11,李,11/5,11/11,2.0,65.97136344507588,65.76543075940502,-0.20593268567085943,0.6122694733309808,0.8614401125973694,0.6656643958183878,1.05,-2.0,-1.0,-13.0,0.2191876002137894
NAT-12-4ec366144756,12,云,12/3,12/4,3.3333333333333335,70.55597429336973,70.44206294920127,-0.11391134416845716,0.6519421163736219,0.8671202228466858,0.7866207640231646,0.9,2.0,-19.0,-16.0,0.4230266976204295
NAT-12-514056135bc2,12,云,12/15,12/13,2.3333333333333335,53.309743661979766,53.31909974458551,0.009356082605741278,0.46037867882919226,0.8050184227548036,0.6011543923479997,1.0,-3.0,15.0,3.0,0.21807856682864002
NAT-12-699db07b27e2,12,云,12/5,12/7,2.0,68.74120571942713,67.48076106425448,-1.2604446551726483,0.639671247055128,0.8269281524616966,0.6866567655646719,0.8500000000000001,3.0,-18.0,-34.0,0.2586800954147893
NAT-12-e81ed9e4d852,12,云,12/9,12/2,4.0,80.02264007968203,79.60852389971517,-0.414116179966868,0.7740707642962973,0.8893441763035137,0.8055605169614437,0.95,-1.0,9.0,2.0,0.5479286080432453
NAT-13-29c131aac7ab,13,冷,13/0,13/11,2.0,63.67812223084213,62.66493757753058,-1.0131846533115478,0.625213601131688,0.6822935102053262,0.5777055230155023,1.2,3.0,22.0,26.0,0.10357264375637971
NAT-13-6791e0f5e9b8,13,冷,13/12,13/19,2.0,66.08917321311323,65.50424464887797,-0.5849285642352555,0.6123745806692872,0.7386791833777315,0.7705224167574598,0.8500000000000001,1.0,-52.0,-19.0,0.33702555764442865
NAT-13-6d2ddff2cfd3,13,冷,13/2,13/7,1.3333333333333333,61.382864784944324,60.487477639471045,-0.8953871454732791,0.5520582667176398,0.7416522599176616,0.7145743380314221,0.9,-3.0,26.0,-5.0,0.2688562322946176
NAT-13-b643f5250b30,13,冷,13/8,13/11,2.0,66.43477180811546,64.79200724179175,-1.6427645663237058,0.6249754473657555,0.7486098498523459,0.6543052118935784,1.2,-3.0,16.0,0.0,0.21345971563981042
NAT-14-77a80e4204e6,14,风,14/11,14/0,2.3333333333333335,59.90683876456426,59.42086697654288,-0.48597178802138075,0.5892911516943333,0.5946729309637588,0.6166928262322112,0.8,3.0,-24.0,9.0,0.12790179336830915
NAT-14-8971b5bb9e16,14,风,14/1,14/10,2.0,76.45652555941672,76.08748380977998,-0.36904174963673597,0.738535848295439,0.895924607347941,0.7300736879253424,1.0,3.0,-1.0,7.0,0.3101481948082087
NAT-14-a2ff41f0019e,14,风,14/19,14/8,1.0,72.68862451362963,72.37471696619514,-0.31390754743449634,0.6959959577154982,0.8406594314373517,0.7363405636366662,1.1,3.0,17.0,0.0,0.3508741955692238
NAT-14-cc5edad86375,14,风,14/4,14/9,3.3333333333333335,77.84587945315226,77.54293899695242,-0.302940456199849,0.7508331854610292,0.8425603436083061,0.8230807240370521,0.9,3.0,8.0,16.0,0.5133535569831073
NAT-15-3048b37d3c99,15,外,15/17,15/5,3.0,52.323687656090534,51.80567593146523,-0.5180117246253033,0.49576476849281437,0.6442168081842897,0.4959260009469253,0.9,-3.0,-13.0,15.0,0.09062858150401129
NAT-15-4b23d5ca1ebc,15,外,15/12,15/1,3.3333333333333335,74.03709355130395,73.49333654249375,-0.5437570088102035,0.7167264308646624,0.8315846474987355,0.7232477779657573,1.05,0.0,-31.0,-18.0,0.3974415527128363
NAT-15-dae7bc7824e1,15,外,15/11,15/20,2.6666666666666665,64.9032681901428,64.45693750674477,-0.44633068339803117,0.5970977312049255,0.8027810741503701,0.7078920140096286,0.8,1.0,-21.0,-18.0,0.23481317337816154
NAT-16-29f4c59da171,16,比,16/13,16/11,1.6666666666666667,61.060115802244454,61.55143620628526,0.4913204040408061,0.6014902550808874,0.6644394874109288,0.6320350692972805,1.05,-2.0,-37.0,-6.0,0.2923953625466693
NAT-16-379c26f4cfc4,16,比,16/20,16/16,3.3333333333333335,73.5685586035543,73.44529646194736,-0.12326214160692928,0.6996964697141133,0.9016467924885443,0.7294561129754183,0.9,3.0,-8.0,17.0,0.2880888775813086
NAT-16-c1b02b76ff55,16,比,16/0,16/15,2.3333333333333335,71.94545362273168,71.34821633699838,-0.5972372857332999,0.6741248159931431,0.8732362547318139,0.7373956931000767,1.2,-3.0,13.0,31.0,0.2500543461383187
NAT-16-f9feb93a4e86,16,比,16/3,16/6,3.0,56.33516804463699,56.19873873920849,-0.13642930542849996,0.5181009557472754,0.7497335021801688,0.5790446202797784,0.8,3.0,-22.0,-42.0,0.16197749196141478
NAT-17-651f15b7a35f,17,的,17/4,17/9,3.3333333333333335,72.25653081736209,71.97575609766577,-0.28077471969632484,0.6879178213220134,0.8221150417602366,0.765985531914752,0.9,-3.0,-14.0,-11.0,0.30469815935126787
NAT-17-7fd744c58977,17,的,17/15,17/11,2.3333333333333335,70.09993451117033,70.37776539525503,0.27783088408469325,0.6764947599456461,0.8627006336208246,0.6721748463164953,1.05,-3.0,-33.0,-30.0,0.3726080094693233
NAT-17-9e694f817ab0,17,的,17/1,17/11,2.3333333333333335,64.19425627444261,63.21157525198699,-0.9826810224556155,0.603486991430313,0.7677098628944075,0.630122527229932,1.2,-1.0,-6.0,-12.0,0.17134331956960727
NAT-17-bd52e4315cdb,17,的,17/10,17/5,3.0,59.84270714567646,58.30711059496356,-1.5355965507128957,0.5754654466045337,0.6468624667316174,0.5547728221114633,1.0,3.0,16.0,8.0,0.0931136062844213
NAT-18-3cb9fa0ae506,18,事,18/20,18/13,3.6666666666666665,77.26664848249351,76.59783137251814,-0.6688171099753646,0.7623340823971082,0.847725908941753,0.7012371313729522,0.9,1.0,3.0,-3.0,0.26576074849632436
NAT-18-71d298d3b1ea,18,事,18/16,18/4,3.0,81.67954347740425,81.65011224868091,-0.029431228723339586,0.8201313137230175,0.8711727979348218,0.7448885546031585,1.2,-3.0,3.0,-18.0,0.37842998278680223
NAT-18-925902827997,18,事,18/19,18/15,1.6666666666666667,80.94440025510553,80.90376557332627,-0.04063468177926666,0.8018887074926783,0.8783705268350308,0.7730665430875558,1.15,2.0,13.0,51.0,0.38800193517174647
NAT-18-a8c4efc6a5ce,18,事,18/3,18/6,3.3333333333333335,83.12943175318604,82.78523105816166,-0.34420069502438366,0.8039100635495049,0.942175433317606,0.8252596739954821,0.8,-3.0,-17.0,-40.0,0.5063581405044819
NAT-19-acb21602a3a8,19,餐,19/20,19/4,2.6666666666666665,75.54966782625245,75.54965561965521,-1.2206597233443972e-05,0.7469936292534649,0.7890210918004189,0.7616523463270924,0.9,3.0,40.0,12.0,0.215329300308184
NAT-19-b5d108ce03e3,19,餐,19/9,19/2,4.0,78.29541611290257,77.99513477157365,-0.30028134132892603,0.7480542320278053,0.8901505257077635,0.8186053762673887,1.05,-2.0,13.0,-3.0,0.3710381566297341
NAT-19-bb01655af35f,19,餐,19/19,19/13,2.0,71.68867023118797,71.37668151058233,-0.3119887206056404,0.7230903762233152,0.7349355971108489,0.6490880812191695,0.95,0.0,57.0,39.0,0.253541289933695
NAT-19-e3e059976d83,19,餐,19/3,19/16,2.3333333333333335,70.29290699299916,69.76148594737242,-0.5314210456267432,0.6663055867434224,0.8035076547791897,0.737832003576334,0.8,0.0,-16.0,-2.0,0.2952323957709954
NAT-20-4f8f12f0f547,20,卢,20/1,20/6,1.6666666666666667,58.33948626832838,58.35182084184722,0.012334573518842262,0.5393788154609165,0.7525995700774869,0.6204206805613847,1.2,-3.0,-42.0,-14.0,0.08691145987562926
NAT-20-774d0bea16d3,20,卢,20/20,20/3,3.0,75.26241865870988,74.1126000238704,-1.1498186348394768,0.7159183186245656,0.909737137185002,0.6901507108250524,1.2,0.0,-22.0,44.0,0.25360250135943446
NAT-20-c1e7617c03a0,20,卢,20/9,20/5,2.0,70.2231579785196,69.82472860519786,-0.3984293733217328,0.6661229288598418,0.8505335811690126,0.6958746578315831,1.2,-3.0,-12.0,39.0,0.25634162904965446
NAT-20-d4d277622f51,20,卢,20/8,20/7,4.333333333333333,84.86952422521537,84.6342884049128,-0.23523582030257728,0.8280506925431008,0.9613676797253519,0.8166816487343642,1.05,0.0,16.0,-1.0,0.5804832277738682
NAT-21-1f157d5abba1,21,文,21/5,21/19,5.0,77.51218851740013,76.57484648891588,-0.9373420284842524,0.7454767646880174,0.8469522049780824,0.779145992405562,1.2,1.0,-3.0,42.0,0.444547936405974
NAT-21-665090e2976f,21,文,21/11,21/16,1.6666666666666667,46.974648089468964,46.01029256813759,-0.9643555213313775,0.4352640475754528,0.4775177605582376,0.558602855298822,0.8,3.0,12.0,23.0,0.10414852165940866
NAT-21-78ec72138b80,21,文,21/3,21/16,2.0,61.758885709440705,61.93872311867561,0.17983740923490643,0.5631178208278753,0.7380560900613187,0.7633089539869704,0.8,-3.0,20.0,-32.0,0.19024919582994226
NAT-21-e9f9c3d41f60,21,文,21/13,21/9,2.0,61.504550380551656,60.87227437537964,-0.6322760051720167,0.5470626656926425,0.7388083690612942,0.7663841493983501,0.8,2.0,46.0,-48.0,0.28765317201799284
NAT-22-5792ff003e6c,22,仃,22/11,22/3,2.3333333333333335,56.61460685190845,57.24698466499125,0.6323778130828046,0.6304157234975376,0.46091529378413254,0.4136103075601089,0.8,-3.0,-15.0,21.0,0.030442324371205552
NAT-22-7ae0492b5e7c,22,仃,22/8,22/7,3.0,70.88110641578479,70.76714262880135,-0.11396378698343312,0.676863242063747,0.8487811486195278,0.7103332303364098,0.8500000000000001,-3.0,14.0,-15.0,0.3906460708593846
NAT-22-f819c56516d2,22,仃,22/18,22/15,3.0,70.07999510812444,70.29986083002248,0.21986572189804576,0.676919020168317,0.8216484492424583,0.706053511973561,0.8500000000000001,-3.0,30.0,24.0,0.24962518740629686
NAT-23-344b9309666f,23,杆,23/15,23/3,2.6666666666666665,66.96682045315518,66.7976848815347,-0.16913557162047255,0.6430339813647767,0.8875316631391355,0.5648220825942205,1.2,3.0,-30.0,22.0,0.1363379275444289
NAT-23-bcbba5b05e20,23,杆,23/7,23/19,3.6666666666666665,82.27576864772566,81.97650571937952,-0.2992629283461383,0.7979957971810427,0.920973187996237,0.8201468064508652,1.2,2.0,-38.0,-4.0,0.5073943564274022
NAT-23-d711e4bc8e55,23,杆,23/5,23/16,4.0,77.14088291982016,76.54630783774861,-0.5945750820715432,0.7471413475309856,0.9200026144500427,0.6964249529219324,0.8,1.0,4.0,6.0,0.34056300344405543
NAT-24-2f453c32367c,24,才,24/1,24/10,3.0,62.13222364446405,60.89895119397168,-1.2332724504923647,0.6094317265131761,0.6751115358544125,0.540803820015545,1.0,3.0,27.0,-36.0,0.1485280357014324
NAT-24-4a7e008af2c9,24,才,24/2,24/19,4.0,80.95183293519429,80.37826242218948,-0.5735705130048103,0.7825991035932133,0.9199790880445424,0.7864425899997617,1.2,-1.0,95.0,-60.0,0.5651717807500656
NAT-24-885581c06c5c,24,才,24/13,24/10,3.6666666666666665,68.00132144698473,67.89145599316029,-0.10986545382444035,0.6479349718670525,0.804600823625751,0.6977997072053566,1.2,3.0,4.0,-46.0,0.3162508207485227
NAT-25-5a8f80223d1c,25,尽,25/15,25/17,5.0,93.65970092342295,92.83743722568954,-0.8222636977334048,0.9222964609300011,0.9775192152585342,0.9075931154474308,1.0,0.0,-1.0,-3.0,0.6609810921591961
NAT-25-8ea65da77383,25,尽,25/0,25/20,2.6666666666666665,63.35292005557195,63.552390690758884,0.19947063518693398,0.6012178456229462,0.7757115591926153,0.6554312072842284,0.95,-3.0,18.0,-27.0,0.195168017628079
NAT-25-dff50d4daffd,25,尽,25/14,25/20,3.0,54.673073419343474,54.57698117632448,-0.09609224301899388,0.5254117281831482,0.609442441995501,0.5771015715714394,1.2,-2.0,13.0,10.0,0.0747628927089508
NAT-26-29dfe830f6f4,26,半,26/13,26/5,1.3333333333333333,70.07901364607187,70.09999092539955,0.02097727932768123,0.6636713605283722,0.8735552354577046,0.7026444771031954,1.0,3.0,10.0,-37.0,0.41122864862389524
NAT-26-2b9714fef184,26,半,26/2,26/15,2.0,54.35417225010157,54.664259562532806,0.3100873124312358,0.4775550617915869,0.839902914728352,0.5757907677464293,1.2,-3.0,9.0,-19.0,0.20231858498884797
NAT-26-c279289d82d1,26,半,26/18,26/16,4.0,85.67480859917424,83.69356762509004,-1.9812409740842014,0.8163836052191634,0.9434499094568353,0.826331107859738,0.8,-1.0,1.0,-16.0,0.6682972829610421
NAT-27-2b99ac3752db,27,何,27/9,27/6,1.3333333333333333,69.11355031226063,68.99062243803763,-0.12292787422299511,0.6607574925877242,0.8577727321884447,0.6580671316046842,1.2,-2.0,30.0,42.0,0.20803743823019274
NAT-27-628912027729,27,何,27/14,27/4,3.0,46.63624245678864,41.13119698758547,-5.505045469203175,0.44743793846175617,0.28532703009999183,0.3687090562508438,1.05,3.0,-29.0,-13.0,0.05162876459741856
NAT-27-d2fab20ae3b5,27,何,27/15,27/20,3.0,65.94507660422238,65.98860699133172,0.04353038710934243,0.640411348550217,0.7559955914387523,0.6546585814156833,0.95,2.0,-24.0,-14.0,0.23404585683970808
NAT-27-ea66b7985eae,27,何,27/8,27/6,3.3333333333333335,78.19973727056752,78.03174064456692,-0.16799662600060117,0.7657974201220598,0.8542742190709356,0.7741205299972482,1.2,-3.0,12.0,2.0,0.3587229560003241
NAT-28-01808705951b,28,亲,28/15,28/17,5.0,93.77466387603877,92.72644921408674,-1.0482146619520307,0.9192208549107815,0.9800514017232902,0.912014556298846,1.0,0.0,-1.0,-2.0,0.7340989914300705
NAT-28-5481e79426db,28,亲,28/2,28/0,3.0,70.55090259793195,70.61035100181338,0.05944840388143291,0.7187170073823317,0.7320919383261468,0.6212520940105308,1.2,-3.0,37.0,7.0,0.2753678893037558
NAT-28-d382c6a23cfb,28,亲,28/6,28/17,3.6666666666666665,69.5831483361496,69.42283815722105,-0.1603101789285546,0.6566626007681701,0.8062930849652877,0.7574706552646548,0.8500000000000001,1.0,-2.0,-1.0,0.22682218936531406
NAT-29-1a2802c160be,29,走,29/20,29/3,2.0,50.154687299003456,49.44734627814294,-0.7073410208605182,0.42628929972101814,0.7721768884975904,0.5349627980138547,0.8500000000000001,3.0,34.0,50.0,0.12154832347140039
NAT-29-883d8d843544,29,走,29/0,29/2,2.0,59.85731373038503,59.681805422545665,-0.17550830783936533,0.583189834592945,0.6369911861562143,0.6202432805797536,0.8,-3.0,-5.0,-34.0,0.25349960054187365
NAT-29-bc27da5bf54f,29,走,29/8,29/18,2.6666666666666665,80.05013245367758,80.09451024528698,0.04437779160940636,0.7791053771187679,0.9183128599699256,0.7854960631616229,1.05,3.0,11.0,-46.0,0.4527345032653508
NAT-29-ca132eafe8cd,29,走,29/1,29/14,2.6666666666666665,56.84906674201999,55.92163445072871,-0.9274322912912822,0.5407015784203376,0.6175749422775603,0.5872599884761117,1.2,3.0,14.0,11.0,0.17062362647260151
NAT-30-27da7578b659,30,级,30/17,30/16,4.0,88.64779210325028,87.65500021170173,-0.9927918915485492,0.8672654958947406,0.9271401340745018,0.8692875658634923,1.0,0.0,4.0,3.0,0.6136409362215813
NAT-30-5aaef800b3ab,30,级,30/6,30/15,2.6666666666666665,63.331116331784244,62.979691211654185,-0.35142512013005955,0.558486484229499,0.8134653536342822,0.7789104674050018,1.0,-3.0,-1.0,37.0,0.24041780606984356
NAT-30-6ca464bf95c7,30,级,30/1,30/8,2.0,72.7154912566609,72.85831169003278,0.142820433371881,0.7337821104261699,0.6846408449861308,0.7482634190272615,1.2,-1.0,9.0,-40.0,0.3262216371098893
NAT-30-a2922ad1d026,30,级,30/14,30/19,3.0,71.90096477429415,71.4683210442862,-0.4326437300079533,0.6804095230569901,0.8496221737779477,0.7396881215751788,0.8,-3.0,-3.0,-16.0,0.25697631154657075
NAT-31-1fbf51b74f78,31,卖,31/14,31/4,1.6666666666666667,64.84082299521457,64.70350125935855,-0.1373217358560197,0.668297290836795,0.6320993390400989,0.5627467210120953,0.8,-3.0,-20.0,-2.0,0.1096236535307416
NAT-31-2b7bb78fbb8e,31,卖,31/0,31/16,3.6666666666666665,80.25987491792424,80.58653158545314,0.32665666752890843,0.7874381842644862,0.8783775533999633,0.8193463590626442,0.95,-3.0,14.0,17.0,0.3710929916521064
NAT-31-4951574d54f8,31,卖,31/15,31/1,3.3333333333333335,65.85886956323354,65.23038131661339,-0.6284882466201509,0.6006778062011946,0.8071993042837269,0.7383296878849246,0.8,-3.0,-15.0,-15.0,0.17786064440440777
NAT-31-739157d52981,31,卖,31/17,31/16,4.0,91.3815826936713,90.88107785113375,-0.500504842537552,0.9079700630625939,0.9405467625638297,0.8809981332196488,0.95,0.0,2.0,1.0,0.6094204471456479
NAT-32-6a96f6287559,32,废,32/6,32/19,4.0,66.7050493497844,65.47332052021511,-1.2317288295692919,0.6073701687610482,0.7940761618530564,0.7364177519430601,0.8,3.0,-29.0,-16.0,0.24308608058608058
NAT-32-7bdcdeb212e2,32,废,32/18,32/9,3.6666666666666665,78.35452145837202,76.85048646939087,-1.5040349889811466,0.7243172018147235,0.9339071665434069,0.8093116562806089,0.95,0.0,-6.0,15.0,0.3722903215744986
NAT-32-94c7c227734e,32,废,32/2,32/14,2.0,65.60749390671002,64.61284534518998,-0.9946485615200373,0.6410452447470018,0.6724516797063437,0.6435268678203142,1.2,-3.0,9.0,3.0,0.16808252427184467
NAT-32-cc2c3bc39e2c,32,废,32/10,32/9,2.3333333333333335,75.38695650122244,74.84278618695475,-0.5441703142676886,0.7262314938236745,0.8669203408080971,0.7335184338117395,0.8,3.0,9.0,21.0,0.27892345333799373
NAT-33-91f85ab09b93,33,鲦,33/7,33/16,2.3333333333333335,83.38545644540389,83.22069490720727,-0.16476153819661477,0.81154711942474,0.9105771644292091,0.8502492720691555,0.95,0.0,-1.0,17.0,0.46976685938510987
NAT-33-a3f11bda28bd,33,鲦,33/1,33/6,2.3333333333333335,68.71887516099568,68.02817235123999,-0.6907028097556918,0.6392530325846043,0.8148465641602061,0.737184107194307,1.05,3.0,-6.0,-34.0,0.16319517868471137
NAT-33-c8d8f75858ea,33,鲦,33/15,33/19,4.0,81.07114688047668,81.01019456560124,-0.060952314875436286,0.787779040929567,0.9070510051165908,0.8173264415855135,1.05,3.0,22.0,-22.0,0.3066187682526555
NAT-33-da3eaddc3506,33,鲦,33/14,33/16,4.0,85.49163678500314,85.32937170314959,-0.1622650818535476,0.8562779467755656,0.8885397705571465,0.8041212580335211,0.8,-2.0,-22.0,-20.0,0.37392078033348713
NAT-34-0bcaf7e08327,34,氢,34/18,34/9,3.3333333333333335,70.17693938418552,69.12367799506414,-1.0532613891213742,0.6449075004327333,0.8424848405040635,0.7561920238141241,1.0,-3.0,-7.0,-14.0,0.24426282165673294
NAT-34-1c39ac28adec,34,氢,34/19,34/16,3.6666666666666665,82.16448082963605,81.38836194522442,-0.7761188844116305,0.811577508802599,0.8792022272629793,0.7593268613398536,1.05,1.0,-17.0,10.0,0.45946780585722374
NAT-34-6ea8015b22d0,34,氢,34/4,34/17,3.0,81.38854368732137,80.69930577546968,-0.6892379118516914,0.7898464390586277,0.880085425777673,0.8139182436467107,1.0,3.0,-19.0,-10.0,0.44172687224669605
NAT-34-8224c11a5f80,34,氢,34/0,34/1,2.3333333333333335,77.09250143881778,76.48587669781277,-0.6066247410050067,0.7508305524769996,0.8808469034238039,0.7143356315377165,0.8,-3.0,23.0,-11.0,0.2818728582418351
NAT-35-5291f60457eb,35,陈,35/9,35/8,4.0,82.55869317730583,82.56784598220024,0.009152804894412725,0.8165457960511628,0.9261446641572253,0.767831353084031,0.9,0.0,-37.0,18.0,0.41726251276813076
NAT-35-8821f770bcaa,35,陈,35/18,35/15,2.6666666666666665,73.46224193637892,72.81114453684427,-0.651097399534649,0.7102923171191253,0.8497913935751742,0.6895874289918593,0.95,0.0,5.0,32.0,0.2592969751829222
NAT-35-c6a50ae81aaf,35,陈,35/1,35/10,3.3333333333333335,72.62780371934167,72.55910733177494,-0.06869638756673169,0.707698244735079,0.8541832935171141,0.6804987198375134,1.2,-3.0,7.0,-56.0,0.2855667683642337
NAT-35-fd02eab37389,35,陈,35/20,35/15,4.0,68.513954024453,67.76792878268539,-0.7460252417676116,0.6585539135901757,0.8265764235780917,0.6180338985134473,1.2,2.0,13.0,15.0,0.13965774664063396
NAT-36-57ef10b1f6d2,36,畅,36/5,36/12,2.6666666666666665,81.48158095344439,81.18789923651381,-0.2936817169305783,0.7970346338988032,0.9113862938635233,0.7816453637096498,0.8,-2.0,-26.0,24.0,0.4081960040834184
NAT-36-5d863929c404,36,畅,36/17,36/16,4.666666666666667,91.30469373084125,90.97763886521949,-0.32705486562176134,0.9100696338828234,0.9535194142774085,0.8646648852840495,1.0,-1.0,-2.0,2.0,0.5717622502733327
NAT-36-777d81c47c17,36,畅,36/20,36/12,2.3333333333333335,71.89882176113576,71.64676300921516,-0.25205875192060034,0.6860501959555724,0.879709849244024,0.6951734369109824,0.8,3.0,-30.0,3.0,0.2440456255786923
NAT-36-d0da378792f6,36,畅,36/2,36/14,2.3333333333333335,58.48567667652828,58.01576726266964,-0.4699094138586375,0.6299124322389147,0.48212085386488435,0.44600561319815624,1.2,-1.0,49.0,5.0,0.09557463359104491
NAT-37-4bc85dbbfb08,37,欢,37/16,37/14,2.3333333333333335,72.08236522651784,71.91202272137538,-0.1703425051424574,0.8328725104791601,0.4202643622465203,0.4871321036090913,1.2,3.0,45.0,34.0,0.14778409090909092
NAT-37-6eb249935c3a,37,欢,37/20,37/5,3.6666666666666665,71.71644705337623,71.16271980825746,-0.5537272451187647,0.6819477328543316,0.816373571882412,0.7453849953478711,0.95,3.0,-11.0,33.0,0.37311720698254364
NAT-37-a5ca9d59178e,37,欢,37/17,37/19,3.3333333333333335,71.51547529059414,71.42206302343764,-0.09341226715649498,0.6792686944290303,0.8244083251273283,0.7671419690997069,1.2,2.0,1.0,-18.0,0.24171247709478594
NAT-38-7967b6c72765,38,尴,38/6,38/9,3.0,75.2010160029938,74.9712611334975,-0.22975486949628987,0.7276517163308382,0.8707050620246668,0.7316710039979222,0.95,2.0,-20.0,-20.0,0.1842175105423019
NAT-38-c6d905013135,38,尴,38/17,38/0,2.3333333333333335,76.14764092353019,76.22056768786965,0.07292676433945644,0.7419525306864649,0.8868654748030484,0.7320605611847583,1.1,-3.0,-10.0,30.0,0.2737780554621041
NAT-38-d9b7b9ec929e,38,尴,38/15,38/20,4.0,73.88114361548693,73.02818578095913,-0.8529578345277997,0.7131155139921683,0.8655066630107623,0.6751666570897278,1.05,-1.0,-2.0,10.0,0.23390871854885897
NAT-38-e6030b2a9770,38,尴,38/19,38/14,4.0,71.4615150370341,71.04949527193433,-0.412019765099771,0.7813920198154549,0.5457170712219079,0.5444198544349252,1.2,3.0,20.0,38.0,0.11985524312835684
NAT-39-4de3fea8d459,39,她,39/7,39/5,3.6666666666666665,77.28702303780176,76.78759820795625,-0.49942482984550907,0.7522839884765965,0.8409621563407623,0.7675524446322051,1.05,-3.0,34.0,0.0,0.3704233805808209
NAT-39-72cb8df26d15,39,她,39/2,39/18,2.0,63.76567646550876,63.25030727382318,-0.5153691916855792,0.5759711883252028,0.8138884008892651,0.7149332051813341,1.2,-3.0,4.0,17.0,0.23671877232589375
NAT-39-db0a691ca804,39,她,39/8,39/0,2.3333333333333335,70.31005339421608,70.11775247838557,-0.1923009158305149,0.6567559774352107,0.855155825440117,0.7544997784212706,1.2,1.0,-26.0,48.0,0.3598640448735325
NAT-39-fe731e8dfe68,39,她,39/9,39/6,3.0,72.26600940458887,73.63267207627221,1.3666626716833434,0.7078877931253893,0.8678838641080644,0.7374845730582662,1.2,3.0,-22.0,45.0,0.2117196185126675
