experiment_name,split_name,model_name,seed,checkpoint_path,checkpoint_size_bytes,checkpoint_sha256,thresholds_sha256,test_metrics_sha256,expected_checkpoint_sha256,expected_thresholds_sha256,expected_test_metrics_sha256,hashes_verified,run_status,run_started_at_utc,run_ended_at_utc
main_qc_unet_seed_20260811,main_qc,unet,20260811,artifacts/paper_ijdar/main_qc/runs/unet_seed_20260811/checkpoints/best.pt,93263576,39868d61ac7e02be1e16b6c01b6a832a2dc5cf224d0efa80cc76abbeb0f8b303,842c971dead70ed5ba3c4682eb2fbe91f69b64a39201aa222f6d34c75c7aafe1,cd64276fc891a7bb80dfca12bdbad716fdcdcebc4763fead6e4443f43a6345cd,39868d61ac7e02be1e16b6c01b6a832a2dc5cf224d0efa80cc76abbeb0f8b303,842c971dead70ed5ba3c4682eb2fbe91f69b64a39201aa222f6d34c75c7aafe1,cd64276fc891a7bb80dfca12bdbad716fdcdcebc4763fead6e4443f43a6345cd,True,COMPLETED,2026-08-13T13:59:01.806319+00:00,2026-08-13T14:26:52.686264+00:00
main_qc_unet_seed_314159,main_qc,unet,314159,artifacts/paper_ijdar/main_qc/runs/unet_seed_314159/checkpoints/best.pt,93263576,fdd2fb36aaa14fb716d792d279bf96e09ef3cd68a723184f720863ec330908a6,f36fcbb2f9a65a33d0428942c8b894e72b1c244f6abcfb278a1aafdfe104686e,d77c730800fd78aa2356b443db67411ca14db911bf8db58f2db8e9df57ed8a4a,fdd2fb36aaa14fb716d792d279bf96e09ef3cd68a723184f720863ec330908a6,f36fcbb2f9a65a33d0428942c8b894e72b1c244f6abcfb278a1aafdfe104686e,d77c730800fd78aa2356b443db67411ca14db911bf8db58f2db8e9df57ed8a4a,True,COMPLETED,2026-08-13T14:26:52.687236+00:00,2026-08-13T15:02:46.920450+00:00
main_qc_unet_seed_271828,main_qc,unet,271828,artifacts/paper_ijdar/main_qc/runs/unet_seed_271828/checkpoints/best.pt,93263576,5008ce8503555895c79181b5e9e3de31d985722983cc17d57d221d6b6ce41fa5,631943a6af926dbcf1ee47e3ba6b47e3c402e6f2875f0fe5045315f61405e2a9,1f1d284cd478eae6c6dd7c8ad3b49378fc99ce645f3840fbda4f15c8bdc4710b,5008ce8503555895c79181b5e9e3de31d985722983cc17d57d221d6b6ce41fa5,631943a6af926dbcf1ee47e3ba6b47e3c402e6f2875f0fe5045315f61405e2a9,1f1d284cd478eae6c6dd7c8ad3b49378fc99ce645f3840fbda4f15c8bdc4710b,True,COMPLETED,2026-08-13T15:02:46.921329+00:00,2026-08-13T15:38:40.944453+00:00
main_qc_deeplabv3plus_seed_20260811,main_qc,deeplabv3plus,20260811,artifacts/paper_ijdar/main_qc/runs/deeplabv3plus_seed_20260811/checkpoints/best.pt,484653780,e3bc8dc37b441a9a85baf11345bd45529b5107cfb1e2dc95c9443933bf80bf62,71549929d69b456b1c86316996e45672a56ef906d64e47f5a7211baefee8e1c4,014ad05e398fa4c17a4534ac31ca7ff93f5038e7602fac4f20728ba6872e2f5e,e3bc8dc37b441a9a85baf11345bd45529b5107cfb1e2dc95c9443933bf80bf62,71549929d69b456b1c86316996e45672a56ef906d64e47f5a7211baefee8e1c4,014ad05e398fa4c17a4534ac31ca7ff93f5038e7602fac4f20728ba6872e2f5e,True,COMPLETED,2026-08-13T15:38:40.945074+00:00,2026-08-13T15:48:16.259008+00:00
main_qc_deeplabv3plus_seed_314159,main_qc,deeplabv3plus,314159,artifacts/paper_ijdar/main_qc/runs/deeplabv3plus_seed_314159/checkpoints/best.pt,484653780,831b3c774b18b755f333d641775ecd2451e6487a98a7c27581aa99ddb56f31b2,dd9a77148dc160adf4ef2f6e1f57f30546d60262d0dfcffb68b5e632f74f78de,3f3fa9583d3838a4f230bf49c26bc1e650705dd34d33f08d18a2ca2a3c31d49b,831b3c774b18b755f333d641775ecd2451e6487a98a7c27581aa99ddb56f31b2,dd9a77148dc160adf4ef2f6e1f57f30546d60262d0dfcffb68b5e632f74f78de,3f3fa9583d3838a4f230bf49c26bc1e650705dd34d33f08d18a2ca2a3c31d49b,True,COMPLETED,2026-08-13T15:48:16.259887+00:00,2026-08-13T16:00:54.750408+00:00
main_qc_deeplabv3plus_seed_271828,main_qc,deeplabv3plus,271828,artifacts/paper_ijdar/main_qc/runs/deeplabv3plus_seed_271828/checkpoints/best.pt,484653780,dcca4741f3190c1af33811045e67378e91ea099cbf80ac1b925de5eb43e49617,92853255263b2c7489898eac5ec769dc49e06792bc2d1a40f06ce5ab8f0ce055,e905d7c2badba013a612ae6a430b8d3b5389aae6841b19efdc0820ce5f9bc22a,dcca4741f3190c1af33811045e67378e91ea099cbf80ac1b925de5eb43e49617,92853255263b2c7489898eac5ec769dc49e06792bc2d1a40f06ce5ab8f0ce055,e905d7c2badba013a612ae6a430b8d3b5389aae6841b19efdc0820ce5f9bc22a,True,COMPLETED,2026-08-13T16:00:54.751417+00:00,2026-08-13T16:28:54.249096+00:00
main_qc_segformer_b2_seed_20260811,main_qc,segformer,20260811,artifacts/paper_ijdar/main_qc/runs/segformer_b2_seed_20260811/checkpoints/best.pt,328625058,c58c409279372af0c5846e00d74d660d05c0055a4c2d387d9e58bbc03b82dd54,8516b9df933b438d9a83b1fb50b1c1391049cd16b08d4d046e144d846caa765a,c0c4d56c805e33168bc52ed058bc8ed126b814ee4d728ed1a256ad67e300c111,c58c409279372af0c5846e00d74d660d05c0055a4c2d387d9e58bbc03b82dd54,8516b9df933b438d9a83b1fb50b1c1391049cd16b08d4d046e144d846caa765a,c0c4d56c805e33168bc52ed058bc8ed126b814ee4d728ed1a256ad67e300c111,True,COMPLETED,2026-08-13T16:28:54.249590+00:00,2026-08-13T16:55:58.879617+00:00
main_qc_segformer_b2_seed_314159,main_qc,segformer,314159,artifacts/paper_ijdar/main_qc/runs/segformer_b2_seed_314159/checkpoints/best.pt,328625058,513e883685835775539e9ee420c019b3e5e65e78a5c97dbf182a2e62f47dd83c,0a82827fbe91ae39fd662eda8a1dd5d0bbd2456598b33856d6f5a5a40fc88779,f114ab37aec8ef0759464d6264bc531455a9c0024549bff95a3bf0d59536abbd,513e883685835775539e9ee420c019b3e5e65e78a5c97dbf182a2e62f47dd83c,0a82827fbe91ae39fd662eda8a1dd5d0bbd2456598b33856d6f5a5a40fc88779,f114ab37aec8ef0759464d6264bc531455a9c0024549bff95a3bf0d59536abbd,True,COMPLETED,2026-08-13T16:55:58.880610+00:00,2026-08-13T17:23:07.590613+00:00
main_qc_segformer_b2_seed_271828,main_qc,segformer,271828,artifacts/paper_ijdar/main_qc/runs/segformer_b2_seed_271828/checkpoints/best.pt,328625058,c6261a210248df490f6641661648937adaba0c43bc194b9afccd22edb430875c,acd9fda443ff6476f685079f4fe38ab8cfdb6f6c3ca4ec6eed8d91432970f215,9aff75d9299408d591e2fa9e224f2e06de477aa8cb5d747e57795753d2ea8a8b,c6261a210248df490f6641661648937adaba0c43bc194b9afccd22edb430875c,acd9fda443ff6476f685079f4fe38ab8cfdb6f6c3ca4ec6eed8d91432970f215,9aff75d9299408d591e2fa9e224f2e06de477aa8cb5d747e57795753d2ea8a8b,True,COMPLETED,2026-08-13T17:23:07.591608+00:00,2026-08-13T17:40:33.098233+00:00
character_disjoint_unet_seed_20260811,character_disjoint,unet,20260811,artifacts/paper_ijdar/character_disjoint/runs/unet_seed_20260811/checkpoints/best.pt,93263640,d89e1b29bdc7a932e66d6e95975c6347e776846ebde75212b5581b46427a1679,e228ddcd02660ff6fd9e1912e3877905215b45220b4b76b716d7a5c15ed97f78,e3c566467119abeff4ed332e43a1ed386da93db616935db45ddef828eec434b7,d89e1b29bdc7a932e66d6e95975c6347e776846ebde75212b5581b46427a1679,e228ddcd02660ff6fd9e1912e3877905215b45220b4b76b716d7a5c15ed97f78,e3c566467119abeff4ed332e43a1ed386da93db616935db45ddef828eec434b7,True,COMPLETED,2026-08-13T17:40:33.099354+00:00,2026-08-13T17:59:34.092302+00:00
character_disjoint_unet_seed_314159,character_disjoint,unet,314159,artifacts/paper_ijdar/character_disjoint/runs/unet_seed_314159/checkpoints/best.pt,93263640,183106ab8f7b589eb2e22b897aa8c60eb0f29f08996059244a629e84e853b1e7,34ad8ed234f3d8c1038636ed28b63ebcb2f9aa804047fe842ca9ba8be98c36b4,270d24d7d6df63bf10fa13d006aeb5a90b9b20c59ea17ca58697a6e00fa27dc1,183106ab8f7b589eb2e22b897aa8c60eb0f29f08996059244a629e84e853b1e7,34ad8ed234f3d8c1038636ed28b63ebcb2f9aa804047fe842ca9ba8be98c36b4,270d24d7d6df63bf10fa13d006aeb5a90b9b20c59ea17ca58697a6e00fa27dc1,True,COMPLETED,2026-08-13T17:59:34.093273+00:00,2026-08-13T18:21:31.377440+00:00
character_disjoint_unet_seed_271828,character_disjoint,unet,271828,artifacts/paper_ijdar/character_disjoint/runs/unet_seed_271828/checkpoints/best.pt,93263640,1019d4d9dd9a75faa3574c47fb270826972f534fab582162c36f1e9784ef3992,03aa24301c83337b8ba15e21e3bf1a9950df0e398ab678bd8ce74930f14e65db,e7c6d7f51f92bd511365da37f3c176d169da86a194385e6c72fde73b728c9046,1019d4d9dd9a75faa3574c47fb270826972f534fab582162c36f1e9784ef3992,03aa24301c83337b8ba15e21e3bf1a9950df0e398ab678bd8ce74930f14e65db,e7c6d7f51f92bd511365da37f3c176d169da86a194385e6c72fde73b728c9046,True,COMPLETED,2026-08-13T18:21:31.378282+00:00,2026-08-13T18:37:56.702900+00:00
character_disjoint_deeplabv3plus_seed_20260811,character_disjoint,deeplabv3plus,20260811,artifacts/paper_ijdar/character_disjoint/runs/deeplabv3plus_seed_20260811/checkpoints/best.pt,484653844,9f25a4abf3067ee74c023059842dff47a509126ae8872a199ee51beeac63ce05,90977009b3a5e9f7a0fa04920a613676b88ab7bbd00113466c6809e5f80bb469,89f624de2780fe581d54ef34ab5673b5b46b82a6ca43de405a4e5b98e838472b,9f25a4abf3067ee74c023059842dff47a509126ae8872a199ee51beeac63ce05,90977009b3a5e9f7a0fa04920a613676b88ab7bbd00113466c6809e5f80bb469,89f624de2780fe581d54ef34ab5673b5b46b82a6ca43de405a4e5b98e838472b,True,COMPLETED,2026-08-13T18:37:56.704687+00:00,2026-08-13T18:45:51.039107+00:00
character_disjoint_deeplabv3plus_seed_314159,character_disjoint,deeplabv3plus,314159,artifacts/paper_ijdar/character_disjoint/runs/deeplabv3plus_seed_314159/checkpoints/best.pt,484653780,36a2a121761a7ba93a403e0d263f22e78df51446d1f5cd2291fc629a425962ca,2a83aa0e1a2a7188e211d47873a4f4ea1a225ef71cef5719603b5a7af3e1ee3d,be13329d9ef1eb6d2c65e4a0d569bf2b22a6190ef1ba4099549721f3f27a032b,36a2a121761a7ba93a403e0d263f22e78df51446d1f5cd2291fc629a425962ca,2a83aa0e1a2a7188e211d47873a4f4ea1a225ef71cef5719603b5a7af3e1ee3d,be13329d9ef1eb6d2c65e4a0d569bf2b22a6190ef1ba4099549721f3f27a032b,True,COMPLETED,2026-08-13T18:45:51.039527+00:00,2026-08-13T19:01:24.793995+00:00
character_disjoint_deeplabv3plus_seed_271828,character_disjoint,deeplabv3plus,271828,artifacts/paper_ijdar/character_disjoint/runs/deeplabv3plus_seed_271828/checkpoints/best.pt,484653780,3d48c1b39f584dc7a5daa05021a09467c6dd2c4498911498072cd883168b13ac,47893afeb69ce05d984f5dd20ada8bfa67f9991cdfb242c3fd2141bf8099b6fe,65cc28f4eb474eb2e37333bfb96001bf75706e990cc465fa41b1566b36517a5e,3d48c1b39f584dc7a5daa05021a09467c6dd2c4498911498072cd883168b13ac,47893afeb69ce05d984f5dd20ada8bfa67f9991cdfb242c3fd2141bf8099b6fe,65cc28f4eb474eb2e37333bfb96001bf75706e990cc465fa41b1566b36517a5e,True,COMPLETED,2026-08-13T19:01:24.795076+00:00,2026-08-13T19:09:38.311932+00:00
character_disjoint_segformer_b2_seed_20260811,character_disjoint,segformer,20260811,artifacts/paper_ijdar/character_disjoint/runs/segformer_b2_seed_20260811/checkpoints/best.pt,328625058,922f415a38c30b1972d852404886156eb51b633e91a45218befae4636dd1fb56,be623c420f7bb8cbeec126e36dc868e0ae40307bd27db544ace2aa4a2dca145f,98410c303bd8ced4661dac3932fd47505a05e02603b87edd8e9a8a259aa94cf1,922f415a38c30b1972d852404886156eb51b633e91a45218befae4636dd1fb56,be623c420f7bb8cbeec126e36dc868e0ae40307bd27db544ace2aa4a2dca145f,98410c303bd8ced4661dac3932fd47505a05e02603b87edd8e9a8a259aa94cf1,True,COMPLETED,2026-08-13T19:09:38.312897+00:00,2026-08-13T19:24:44.741307+00:00
character_disjoint_segformer_b2_seed_314159,character_disjoint,segformer,314159,artifacts/paper_ijdar/character_disjoint/runs/segformer_b2_seed_314159/checkpoints/best.pt,328625058,1e7953a89684d08cdbdc9f857d4951435e65830104814eb74c923dd41ceb3783,dede2404c988999b493c8f71ba1323e2574f4753de685f5417f47b8960720297,adf20434bca6e7fcc3a3f7f8d6ac5be91e870a6c94f20b9b9bf7c6b67eaebe16,1e7953a89684d08cdbdc9f857d4951435e65830104814eb74c923dd41ceb3783,dede2404c988999b493c8f71ba1323e2574f4753de685f5417f47b8960720297,adf20434bca6e7fcc3a3f7f8d6ac5be91e870a6c94f20b9b9bf7c6b67eaebe16,True,COMPLETED,2026-08-13T19:24:44.742209+00:00,2026-08-13T19:43:31.692570+00:00
character_disjoint_segformer_b2_seed_271828,character_disjoint,segformer,271828,artifacts/paper_ijdar/character_disjoint/runs/segformer_b2_seed_271828/checkpoints/best.pt,328625058,1e49ef086fd200e6c75e3268860c3cb43250e359575f1bfe0fee46b136efefb7,2c9b9adfdfc06d9461c8ce9933061a5cffdaa4d347230f622f2388fe9f45ea72,a75f11d902990f8b7d7c129d10a8f35e518875860b4815676e0741985e50b245,1e49ef086fd200e6c75e3268860c3cb43250e359575f1bfe0fee46b136efefb7,2c9b9adfdfc06d9461c8ce9933061a5cffdaa4d347230f622f2388fe9f45ea72,a75f11d902990f8b7d7c129d10a8f35e518875860b4815676e0741985e50b245,True,COMPLETED,2026-08-13T19:43:31.693557+00:00,2026-08-13T20:00:17.224480+00:00
